trial,truth,prediction,prob_left,prob_right,score
1,left,left,0.7964730457478094,0.2035269542521906,1
2,left,left,0.923930198390524,0.076069801609476,2
3,right,right,0.06898614625011201,0.931013853749888,3
4,left,left,0.9727479735669351,0.027252026433064885,4
5,left,left,0.9226336153777316,0.0773663846222684,5
6,right,right,0.005399617107261889,0.9946003828927381,6
